Hedged,Unhedged
4886.831276,9513.168723999997
4886.831276,2570.311581
4886.831276,9627.454439
4886.831276,7341.740153
4886.831276,2770.311582132347
4886.831276,7113.1687252684
2767.361111,8946.924598516365
2767.361111,6575.49603217571
2767.361111,6318.353174568797
2767.361111,6261.210319022499
2767.361111,4918.353174441576
2767.361111,4804.067459893377
