Hedged,Unhedged
4886.831276,4427.454434094869
4886.831276,7113.168724553834
4886.831276,4941.740152832362
4886.831276,7570.311584144592
4886.831276,7770.311583911592
4886.831276,7113.168724214234
2767.361111,8946.924598801266
2767.361111,6575.496032066608
2767.361111,6318.353174793544
2767.361111,6261.210318694648
2767.361111,4918.3531745783
2767.361111,4804.067459924615
