Hedged,Unhedged
8773.662547635853,3.5330755618204872e-06
2.1618891913737434e-06,5079.732507812876
9902.26336966618,4.377556098866634e-06
5.5690077134625154e-05,8326.903236306445
5.533697535740856e-05,8326.903236646578
3.240442121147251e-06,6237.139914840126
5208.333330601101,2.2936133616716747e-06
6237.139915092443,2.886518081114344e-06
7298.096706240484,1.6772236249486307e-06
2.1304654438980763e-06,3632.973248967524
5722.736623550151,2.4293223866221007e-06
2780.478294653935,6333.588332229141
