Hedged,Unhedged
9314.285658897925,5.1308074340508424e-05
0.0030563279796444595,11999.996943667982
6468.00845893374,3360.562970026934
4.5917408232173435e-06,12457.142855441396
4.643266833028473e-06,12657.142855316188
1.5020731013150314e-06,11999.999998635996
11714.285699928467,9.967497579513785e-06
9342.85712956122,1.344311332461351e-05
9085.71428332715,2.5877412779423952e-06
1.532886998938925e-06,9028.571427637891
1.8215372052840174e-05,7685.714267684564
4.538174948785242e-06,7952.41538828263
